adamd=Adam Dingle <adamd@google.com>
adixon=Alex Dixon <adixon@adobe.com>
anonymous=Anonymous User <anonymous>
appledev=Apple Computer Inc. <bbum@apple.com>
a.rottmann=Andreas Rottmann <a.rottman@gmx.at>
aswift=Adam Swift <aswift@apple.com>
chw=Christian Werner <chw@ch-werner.de>
cl_111=cl_111 <cl_111@hotmail.com>
danielk1977=Dan Kennedy <dan.kennedy@foxboro.com.au>
dennisc=Dennis Cote <DennisC@HARDING.CA>
dflam=Daniel Flam <dflam@checkpoint.com>
dougcurrie=Doug Currie <e@flavors.com>
doughenry=Doug Henry <doughenry@woh.rr.com>
drh=D. Richard Hipp <drh@hwaci.com>
dwong=Daniel Wong
ghaering=Gerhard Haring <gerhard.haering@gmx.de>
hsarma=Harish Sarma
jadams=Jonathan Adams <jonathan.adams@sun.com>
jenglish=Joe English
jplyon=Jim Lyon <jplyon@attglobal.net>
jshen=Justine Shen
kwel=Kurt Welgehausen <kwel@kwel.net>
linus=Linus Upson <linus@google.com>
mani=Mani Varadaradan
maria.khomenko=Maria Khomenko <maria.khomenko@gmail.com>
mark=Mark Smith <mark.smith@7bsoftware.com>
mchallis=Mike Challis <mchallis@3thinking.com>
mihailim=Mihai Limbasan <mihailim@gmail.com>
mike=Mike Cariotoglou <mike@singular.gr>
mlcreech=Matthew L. Creech <mlcreech@gmail.com>
nhathaway=Nigel Hathaway <nigel@bprj.co.uk>
nmadhav=Neel Madhav
owensmk=Michael Owens <owensmk@gmail.com>
pamg=Pam Greene <pamg@google.com>
paul=Paul Flinders <paul@dawa.demon.co.uk>
persicom=Matthew O. Persico <persicom@acedsl.com>
peter=Peter MacDonald <peter@browsex.com>
pweilbacher=Peter Weilbacher <peter@weilbacher.org>
rdc=Dennis Cote <DennisC@HARDING.CA>
rse=Ralf S. Engelschall <rse@engelschall.com>
scouten=Eric Scouten <scouten@adobe.com>
sdwilsh=Shawn Wilsher <comrade693@gmail.com>
shane=Shane Harrelson <shane@mo-ware.com>
shazow=Andrey Petrov <shazow@gmail.com>
shess=Scott Hess <shess@google.com>
tclguy=Jeff Hobbes
tdonovan=Tom Donovan <tom@tomdonoan.net>
tpoindex=Tom Poindexter <tpoindex@nyx.net>
vapier=Mike Frysinger <vapier@gentoo.org>
xdong=Xuezhang Dong <xdong@motorola.com>
